catalogo;pdf_origem;pagina_pdf;xref_pdf;arquivo;formato;largura_px;altura_px;bytes
brand_collection;BRAND COLLECTION 25ML.pdf;1;51;brand_collection_p01_img0001_xref51.jpeg;jpeg;302;302;6638
brand_collection;BRAND COLLECTION 25ML.pdf;1;59;brand_collection_p01_img0002_xref59.jpeg;jpeg;300;93;5157
brand_collection;BRAND COLLECTION 25ML.pdf;1;40;brand_collection_p01_img0003_xref40.jpeg;jpeg;916;1004;91312
brand_collection;BRAND COLLECTION 25ML.pdf;2;72;brand_collection_p02_img0004_xref72.jpeg;jpeg;890;883;77661
brand_collection;BRAND COLLECTION 25ML.pdf;3;95;brand_collection_p03_img0005_xref95.jpeg;jpeg;1207;1692;37883
brand_collection;BRAND COLLECTION 25ML.pdf;3;100;brand_collection_p03_img0006_xref100.jpeg;jpeg;275;275;10152
brand_collection;BRAND COLLECTION 25ML.pdf;3;110;brand_collection_p03_img0007_xref110.jpeg;jpeg;241;241;9344
brand_collection;BRAND COLLECTION 25ML.pdf;3;116;brand_collection_p03_img0008_xref116.jpeg;jpeg;230;299;8467
brand_collection;BRAND COLLECTION 25ML.pdf;3;129;brand_collection_p03_img0009_xref129.jpeg;jpeg;280;280;9546
brand_collection;BRAND COLLECTION 25ML.pdf;4;140;brand_collection_p04_img0010_xref140.jpeg;jpeg;256;256;7064
brand_collection;BRAND COLLECTION 25ML.pdf;4;146;brand_collection_p04_img0011_xref146.jpeg;jpeg;281;281;9521
brand_collection;BRAND COLLECTION 25ML.pdf;4;152;brand_collection_p04_img0012_xref152.jpeg;jpeg;320;320;8433
brand_collection;BRAND COLLECTION 25ML.pdf;4;158;brand_collection_p04_img0013_xref158.jpeg;jpeg;300;300;8666
brand_collection;BRAND COLLECTION 25ML.pdf;4;164;brand_collection_p04_img0014_xref164.jpeg;jpeg;223;225;8620
brand_collection;BRAND COLLECTION 25ML.pdf;4;170;brand_collection_p04_img0015_xref170.jpeg;jpeg;295;295;14491
brand_collection;BRAND COLLECTION 25ML.pdf;4;176;brand_collection_p04_img0016_xref176.jpeg;jpeg;269;269;10780
brand_collection;BRAND COLLECTION 25ML.pdf;4;182;brand_collection_p04_img0017_xref182.jpeg;jpeg;303;303;10933
brand_collection;BRAND COLLECTION 25ML.pdf;4;188;brand_collection_p04_img0018_xref188.jpeg;jpeg;327;297;10985
brand_collection;BRAND COLLECTION 25ML.pdf;4;194;brand_collection_p04_img0019_xref194.jpeg;jpeg;339;339;14038
brand_collection;BRAND COLLECTION 25ML.pdf;4;200;brand_collection_p04_img0020_xref200.jpeg;jpeg;366;366;9721
brand_collection;BRAND COLLECTION 25ML.pdf;4;206;brand_collection_p04_img0021_xref206.jpeg;jpeg;224;224;8183
brand_collection;BRAND COLLECTION 25ML.pdf;4;212;brand_collection_p04_img0022_xref212.jpeg;jpeg;269;269;10577
brand_collection;BRAND COLLECTION 25ML.pdf;4;230;brand_collection_p04_img0023_xref230.jpeg;jpeg;239;239;6813
brand_collection;BRAND COLLECTION 25ML.pdf;4;236;brand_collection_p04_img0024_xref236.jpeg;jpeg;270;270;10509
brand_collection;BRAND COLLECTION 25ML.pdf;4;242;brand_collection_p04_img0025_xref242.jpeg;jpeg;198;207;5291
brand_collection;BRAND COLLECTION 25ML.pdf;4;248;brand_collection_p04_img0026_xref248.jpeg;jpeg;339;292;10893
brand_collection;BRAND COLLECTION 25ML.pdf;4;254;brand_collection_p04_img0027_xref254.jpeg;jpeg;284;284;9329
brand_collection;BRAND COLLECTION 25ML.pdf;4;264;brand_collection_p04_img0028_xref264.jpeg;jpeg;216;216;7871
brand_collection;BRAND COLLECTION 25ML.pdf;4;222;brand_collection_p04_img0029_xref222.jpeg;jpeg;396;466;14916
brand_collection;BRAND COLLECTION 25ML.pdf;5;273;brand_collection_p05_img0030_xref273.jpeg;jpeg;225;225;6637
brand_collection;BRAND COLLECTION 25ML.pdf;5;279;brand_collection_p05_img0031_xref279.jpeg;jpeg;248;248;7327
brand_collection;BRAND COLLECTION 25ML.pdf;5;285;brand_collection_p05_img0032_xref285.jpeg;jpeg;259;259;8160
brand_collection;BRAND COLLECTION 25ML.pdf;5;291;brand_collection_p05_img0033_xref291.jpeg;jpeg;224;224;6793
brand_collection;BRAND COLLECTION 25ML.pdf;5;297;brand_collection_p05_img0034_xref297.jpeg;jpeg;259;259;7811
brand_collection;BRAND COLLECTION 25ML.pdf;5;303;brand_collection_p05_img0035_xref303.jpeg;jpeg;224;224;8965
brand_collection;BRAND COLLECTION 25ML.pdf;5;309;brand_collection_p05_img0036_xref309.jpeg;jpeg;237;237;7070
brand_collection;BRAND COLLECTION 25ML.pdf;5;315;brand_collection_p05_img0037_xref315.jpeg;jpeg;224;224;6624
brand_collection;BRAND COLLECTION 25ML.pdf;5;321;brand_collection_p05_img0038_xref321.jpeg;jpeg;239;239;6968
brand_collection;BRAND COLLECTION 25ML.pdf;5;327;brand_collection_p05_img0039_xref327.jpeg;jpeg;256;256;8288
brand_collection;BRAND COLLECTION 25ML.pdf;5;333;brand_collection_p05_img0040_xref333.jpeg;jpeg;190;266;5837
brand_collection;BRAND COLLECTION 25ML.pdf;5;339;brand_collection_p05_img0041_xref339.jpeg;jpeg;240;240;6164
brand_collection;BRAND COLLECTION 25ML.pdf;5;349;brand_collection_p05_img0042_xref349.jpeg;jpeg;327;266;9528
brand_collection;BRAND COLLECTION 25ML.pdf;5;355;brand_collection_p05_img0043_xref355.jpeg;jpeg;330;330;9149
brand_collection;BRAND COLLECTION 25ML.pdf;5;361;brand_collection_p05_img0044_xref361.jpeg;jpeg;330;330;12573
brand_collection;BRAND COLLECTION 25ML.pdf;5;367;brand_collection_p05_img0045_xref367.jpeg;jpeg;288;288;10149
brand_collection;BRAND COLLECTION 25ML.pdf;5;373;brand_collection_p05_img0046_xref373.jpeg;jpeg;263;263;6950
brand_collection;BRAND COLLECTION 25ML.pdf;5;379;brand_collection_p05_img0047_xref379.jpeg;jpeg;319;319;8697
brand_collection;BRAND COLLECTION 25ML.pdf;5;385;brand_collection_p05_img0048_xref385.jpeg;jpeg;245;245;7939
brand_collection;BRAND COLLECTION 25ML.pdf;5;391;brand_collection_p05_img0049_xref391.jpeg;jpeg;259;259;8344
brand_collection;BRAND COLLECTION 25ML.pdf;6;400;brand_collection_p06_img0050_xref400.jpeg;jpeg;225;225;6581
brand_collection;BRAND COLLECTION 25ML.pdf;6;406;brand_collection_p06_img0051_xref406.jpeg;jpeg;291;291;9958
brand_collection;BRAND COLLECTION 25ML.pdf;6;412;brand_collection_p06_img0052_xref412.jpeg;jpeg;256;256;9140
brand_collection;BRAND COLLECTION 25ML.pdf;6;418;brand_collection_p06_img0053_xref418.jpeg;jpeg;293;400;10104
brand_collection;BRAND COLLECTION 25ML.pdf;6;428;brand_collection_p06_img0054_xref428.jpeg;jpeg;303;303;10473
brand_collection;BRAND COLLECTION 25ML.pdf;6;434;brand_collection_p06_img0055_xref434.jpeg;jpeg;203;203;7470
brand_collection;BRAND COLLECTION 25ML.pdf;6;440;brand_collection_p06_img0056_xref440.jpeg;jpeg;267;267;7696
brand_collection;BRAND COLLECTION 25ML.pdf;6;446;brand_collection_p06_img0057_xref446.jpeg;jpeg;265;218;7564
brand_collection;BRAND COLLECTION 25ML.pdf;6;452;brand_collection_p06_img0058_xref452.jpeg;jpeg;250;250;8571
brand_collection;BRAND COLLECTION 25ML.pdf;6;458;brand_collection_p06_img0059_xref458.jpeg;jpeg;267;267;8975
brand_collection;BRAND COLLECTION 25ML.pdf;6;464;brand_collection_p06_img0060_xref464.jpeg;jpeg;300;336;8357
brand_collection;BRAND COLLECTION 25ML.pdf;6;470;brand_collection_p06_img0061_xref470.jpeg;jpeg;303;303;12760
brand_collection;BRAND COLLECTION 25ML.pdf;6;476;brand_collection_p06_img0062_xref476.jpeg;jpeg;303;303;9326
brand_collection;BRAND COLLECTION 25ML.pdf;6;482;brand_collection_p06_img0063_xref482.jpeg;jpeg;267;267;11395
brand_collection;BRAND COLLECTION 25ML.pdf;6;488;brand_collection_p06_img0064_xref488.jpeg;jpeg;319;319;14935
brand_collection;BRAND COLLECTION 25ML.pdf;6;494;brand_collection_p06_img0065_xref494.jpeg;jpeg;228;228;5340
brand_collection;BRAND COLLECTION 25ML.pdf;6;500;brand_collection_p06_img0066_xref500.jpeg;jpeg;240;240;7078
brand_collection;BRAND COLLECTION 25ML.pdf;6;506;brand_collection_p06_img0067_xref506.jpeg;jpeg;281;281;10589
brand_collection;BRAND COLLECTION 25ML.pdf;6;512;brand_collection_p06_img0068_xref512.jpeg;jpeg;364;364;11391
brand_collection;BRAND COLLECTION 25ML.pdf;6;518;brand_collection_p06_img0069_xref518.jpeg;jpeg;308;385;8473
brand_collection;BRAND COLLECTION 25ML.pdf;7;527;brand_collection_p07_img0070_xref527.jpeg;jpeg;269;269;10012
brand_collection;BRAND COLLECTION 25ML.pdf;7;533;brand_collection_p07_img0071_xref533.jpeg;jpeg;224;224;7953
brand_collection;BRAND COLLECTION 25ML.pdf;7;539;brand_collection_p07_img0072_xref539.jpeg;jpeg;327;327;9757
brand_collection;BRAND COLLECTION 25ML.pdf;7;545;brand_collection_p07_img0073_xref545.jpeg;jpeg;339;258;8847
brand_collection;BRAND COLLECTION 25ML.pdf;7;551;brand_collection_p07_img0074_xref551.jpeg;jpeg;256;256;7754
brand_collection;BRAND COLLECTION 25ML.pdf;7;557;brand_collection_p07_img0075_xref557.jpeg;jpeg;219;250;7586
brand_collection;BRAND COLLECTION 25ML.pdf;7;563;brand_collection_p07_img0076_xref563.jpeg;jpeg;291;291;9566
brand_collection;BRAND COLLECTION 25ML.pdf;7;569;brand_collection_p07_img0077_xref569.jpeg;jpeg;239;239;7874
brand_collection;BRAND COLLECTION 25ML.pdf;7;575;brand_collection_p07_img0078_xref575.jpeg;jpeg;239;239;6936
brand_collection;BRAND COLLECTION 25ML.pdf;7;581;brand_collection_p07_img0079_xref581.jpeg;jpeg;203;270;6956
brand_collection;BRAND COLLECTION 25ML.pdf;7;587;brand_collection_p07_img0080_xref587.jpeg;jpeg;224;224;6706
brand_collection;BRAND COLLECTION 25ML.pdf;7;593;brand_collection_p07_img0081_xref593.jpeg;jpeg;224;224;7882
brand_collection;BRAND COLLECTION 25ML.pdf;7;599;brand_collection_p07_img0082_xref599.jpeg;jpeg;316;316;9452
brand_collection;BRAND COLLECTION 25ML.pdf;7;605;brand_collection_p07_img0083_xref605.jpeg;jpeg;250;250;7980
brand_collection;BRAND COLLECTION 25ML.pdf;7;615;brand_collection_p07_img0084_xref615.jpeg;jpeg;264;264;13252
brand_collection;BRAND COLLECTION 25ML.pdf;7;621;brand_collection_p07_img0085_xref621.jpeg;jpeg;295;295;8046
brand_collection;BRAND COLLECTION 25ML.pdf;7;627;brand_collection_p07_img0086_xref627.jpeg;jpeg;299;299;8048
brand_collection;BRAND COLLECTION 25ML.pdf;7;633;brand_collection_p07_img0087_xref633.jpeg;jpeg;303;328;11567
brand_collection;BRAND COLLECTION 25ML.pdf;8;644;brand_collection_p08_img0088_xref644.jpeg;jpeg;269;269;8667
brand_collection;BRAND COLLECTION 25ML.pdf;8;650;brand_collection_p08_img0089_xref650.jpeg;jpeg;232;311;6849
brand_collection;BRAND COLLECTION 25ML.pdf;8;660;brand_collection_p08_img0090_xref660.jpeg;jpeg;341;341;14492
brand_collection;BRAND COLLECTION 25ML.pdf;8;666;brand_collection_p08_img0091_xref666.jpeg;jpeg;288;288;9761
brand_collection;BRAND COLLECTION 25ML.pdf;9;681;brand_collection_p09_img0092_xref681.jpeg;jpeg;320;320;9706
brand_collection;BRAND COLLECTION 25ML.pdf;9;689;brand_collection_p09_img0093_xref689.jpeg;jpeg;269;269;8938
brand_collection;BRAND COLLECTION 25ML.pdf;9;695;brand_collection_p09_img0094_xref695.jpeg;jpeg;256;256;10080
brand_collection;BRAND COLLECTION 25ML.pdf;9;701;brand_collection_p09_img0095_xref701.jpeg;jpeg;320;320;10208
brand_collection;BRAND COLLECTION 25ML.pdf;9;707;brand_collection_p09_img0096_xref707.jpeg;jpeg;259;259;9506
brand_collection;BRAND COLLECTION 25ML.pdf;9;713;brand_collection_p09_img0097_xref713.jpeg;jpeg;259;347;10757
brand_collection;BRAND COLLECTION 25ML.pdf;9;719;brand_collection_p09_img0098_xref719.jpeg;jpeg;256;256;8768
brand_collection;BRAND COLLECTION 25ML.pdf;9;725;brand_collection_p09_img0099_xref725.jpeg;jpeg;303;303;11887
brand_collection;BRAND COLLECTION 25ML.pdf;9;731;brand_collection_p09_img0100_xref731.jpeg;jpeg;330;330;13094
brand_collection;BRAND COLLECTION 25ML.pdf;9;737;brand_collection_p09_img0101_xref737.jpeg;jpeg;259;259;10875
brand_collection;BRAND COLLECTION 25ML.pdf;10;759;brand_collection_p10_img0102_xref759.jpeg;jpeg;1021;1036;94245
brand_collection;BRAND COLLECTION 25ML.pdf;11;775;brand_collection_p11_img0103_xref775.jpeg;jpeg;384;384;13069
brand_collection;BRAND COLLECTION 25ML.pdf;11;781;brand_collection_p11_img0104_xref781.jpeg;jpeg;485;485;18327
brand_collection;BRAND COLLECTION 25ML.pdf;11;787;brand_collection_p11_img0105_xref787.jpeg;jpeg;394;394;13720
brand_collection;BRAND COLLECTION 25ML.pdf;11;795;brand_collection_p11_img0106_xref795.jpeg;jpeg;448;448;13371
brand_collection;BRAND COLLECTION 25ML.pdf;11;801;brand_collection_p11_img0107_xref801.jpeg;jpeg;361;361;16374
brand_collection;BRAND COLLECTION 25ML.pdf;11;807;brand_collection_p11_img0108_xref807.jpeg;jpeg;296;350;7981
brand_collection;BRAND COLLECTION 25ML.pdf;11;817;brand_collection_p11_img0109_xref817.jpeg;jpeg;360;360;11308
brand_collection;BRAND COLLECTION 25ML.pdf;11;823;brand_collection_p11_img0110_xref823.jpeg;jpeg;355;474;12010
brand_collection;BRAND COLLECTION 25ML.pdf;11;829;brand_collection_p11_img0111_xref829.jpeg;jpeg;278;334;11271
brand_collection;BRAND COLLECTION 25ML.pdf;12;838;brand_collection_p12_img0112_xref838.jpeg;jpeg;240;240;7092
brand_collection;BRAND COLLECTION 25ML.pdf;12;844;brand_collection_p12_img0113_xref844.jpeg;jpeg;343;384;11053
brand_collection;BRAND COLLECTION 25ML.pdf;12;850;brand_collection_p12_img0114_xref850.jpeg;jpeg;435;444;14526
brand_collection;BRAND COLLECTION 25ML.pdf;12;860;brand_collection_p12_img0115_xref860.jpeg;jpeg;399;399;17371
brand_collection;BRAND COLLECTION 25ML.pdf;13;868;brand_collection_p13_img0116_xref868.jpeg;jpeg;1207;1246;110869
brand_collection;BRAND COLLECTION 25ML.pdf;14;888;brand_collection_p14_img0117_xref888.jpeg;jpeg;281;375;9237
brand_collection;BRAND COLLECTION 25ML.pdf;14;894;brand_collection_p14_img0118_xref894.jpeg;jpeg;269;269;9373
brand_collection;BRAND COLLECTION 25ML.pdf;14;902;brand_collection_p14_img0119_xref902.jpeg;jpeg;224;224;6932
brand_collection;BRAND COLLECTION 25ML.pdf;14;908;brand_collection_p14_img0120_xref908.jpeg;jpeg;288;288;10638
brand_collection;BRAND COLLECTION 25ML.pdf;14;914;brand_collection_p14_img0121_xref914.jpeg;jpeg;320;320;9906
brand_collection;BRAND COLLECTION 25ML.pdf;14;920;brand_collection_p14_img0122_xref920.jpeg;jpeg;288;288;11105
brand_collection;BRAND COLLECTION 25ML.pdf;14;930;brand_collection_p14_img0123_xref930.jpeg;jpeg;269;269;8152
brand_collection;BRAND COLLECTION 25ML.pdf;14;936;brand_collection_p14_img0124_xref936.jpeg;jpeg;281;281;10195
brand_collection;BRAND COLLECTION 25ML.pdf;14;942;brand_collection_p14_img0125_xref942.jpeg;jpeg;288;251;8140
brand_collection;BRAND COLLECTION 25ML.pdf;14;948;brand_collection_p14_img0126_xref948.jpeg;jpeg;264;264;9315
brand_collection;BRAND COLLECTION 25ML.pdf;15;957;brand_collection_p15_img0127_xref957.jpeg;jpeg;224;224;7638
brand_collection;BRAND COLLECTION 25ML.pdf;15;963;brand_collection_p15_img0128_xref963.jpeg;jpeg;203;203;5183
brand_collection;BRAND COLLECTION 25ML.pdf;15;969;brand_collection_p15_img0129_xref969.jpeg;jpeg;230;217;7196
brand_collection;BRAND COLLECTION 25ML.pdf;15;975;brand_collection_p15_img0130_xref975.jpeg;jpeg;269;269;9116
brand_collection;BRAND COLLECTION 25ML.pdf;15;981;brand_collection_p15_img0131_xref981.jpeg;jpeg;244;207;8814
brand_collection;BRAND COLLECTION 25ML.pdf;15;987;brand_collection_p15_img0132_xref987.jpeg;jpeg;269;269;11092
brand_collection;BRAND COLLECTION 25ML.pdf;15;993;brand_collection_p15_img0133_xref993.jpeg;jpeg;306;306;8348
brand_collection;BRAND COLLECTION 25ML.pdf;15;999;brand_collection_p15_img0134_xref999.jpeg;jpeg;256;256;6399
brand_collection;BRAND COLLECTION 25ML.pdf;15;1005;brand_collection_p15_img0135_xref1005.jpeg;jpeg;306;306;12568
brand_collection;BRAND COLLECTION 25ML.pdf;15;1011;brand_collection_p15_img0136_xref1011.jpeg;jpeg;244;242;6155
brand_collection;BRAND COLLECTION 25ML.pdf;15;1017;brand_collection_p15_img0137_xref1017.jpeg;jpeg;264;264;7479
brand_collection;BRAND COLLECTION 25ML.pdf;15;1023;brand_collection_p15_img0138_xref1023.jpeg;jpeg;264;264;9096
brand_collection;BRAND COLLECTION 25ML.pdf;15;1029;brand_collection_p15_img0139_xref1029.jpeg;jpeg;228;228;7179
brand_collection;BRAND COLLECTION 25ML.pdf;15;1035;brand_collection_p15_img0140_xref1035.jpeg;jpeg;242;241;7128
brand_collection;BRAND COLLECTION 25ML.pdf;15;1041;brand_collection_p15_img0141_xref1041.jpeg;jpeg;224;224;6653
brand_collection;BRAND COLLECTION 25ML.pdf;15;1047;brand_collection_p15_img0142_xref1047.jpeg;jpeg;308;252;10989
brand_collection;BRAND COLLECTION 25ML.pdf;15;1053;brand_collection_p15_img0143_xref1053.jpeg;jpeg;250;250;9478
brand_collection;BRAND COLLECTION 25ML.pdf;15;1059;brand_collection_p15_img0144_xref1059.jpeg;jpeg;264;264;10890
brand_collection;BRAND COLLECTION 25ML.pdf;15;1065;brand_collection_p15_img0145_xref1065.jpeg;jpeg;281;281;11283
brand_collection;BRAND COLLECTION 25ML.pdf;15;1075;brand_collection_p15_img0146_xref1075.jpeg;jpeg;284;284;10376
brand_collection;BRAND COLLECTION 25ML.pdf;16;1084;brand_collection_p16_img0147_xref1084.jpeg;jpeg;252;286;11729
brand_collection;BRAND COLLECTION 25ML.pdf;16;1090;brand_collection_p16_img0148_xref1090.jpeg;jpeg;313;269;11568
brand_collection;BRAND COLLECTION 25ML.pdf;16;1096;brand_collection_p16_img0149_xref1096.jpeg;jpeg;264;264;10526
brand_collection;BRAND COLLECTION 25ML.pdf;16;1102;brand_collection_p16_img0150_xref1102.jpeg;jpeg;264;264;7342
brand_collection;BRAND COLLECTION 25ML.pdf;16;1108;brand_collection_p16_img0151_xref1108.jpeg;jpeg;250;250;8087
brand_collection;BRAND COLLECTION 25ML.pdf;16;1114;brand_collection_p16_img0152_xref1114.jpeg;jpeg;269;269;6836
brand_collection;BRAND COLLECTION 25ML.pdf;16;1120;brand_collection_p16_img0153_xref1120.jpeg;jpeg;256;256;8330
brand_collection;BRAND COLLECTION 25ML.pdf;16;1126;brand_collection_p16_img0154_xref1126.jpeg;jpeg;314;314;7686
brand_collection;BRAND COLLECTION 25ML.pdf;16;1132;brand_collection_p16_img0155_xref1132.jpeg;jpeg;240;240;6563
brand_collection;BRAND COLLECTION 25ML.pdf;16;1138;brand_collection_p16_img0156_xref1138.jpeg;jpeg;256;256;8349
brand_collection;BRAND COLLECTION 25ML.pdf;16;1144;brand_collection_p16_img0157_xref1144.jpeg;jpeg;231;300;8258
brand_collection;BRAND COLLECTION 25ML.pdf;16;1154;brand_collection_p16_img0158_xref1154.jpeg;jpeg;264;258;12332
brand_collection;BRAND COLLECTION 25ML.pdf;17;1163;brand_collection_p17_img0159_xref1163.jpeg;jpeg;224;224;6748
brand_collection;BRAND COLLECTION 25ML.pdf;17;1169;brand_collection_p17_img0160_xref1169.jpeg;jpeg;244;232;8993
brand_collection;BRAND COLLECTION 25ML.pdf;17;1178;brand_collection_p17_img0161_xref1178.jpeg;jpeg;288;384;9397
brand_collection;BRAND COLLECTION 25ML.pdf;18;1190;brand_collection_p18_img0162_xref1190.jpeg;jpeg;1205;1208;102169
brand_collection;BRAND COLLECTION 25ML.pdf;19;1204;brand_collection_p19_img0163_xref1204.jpeg;jpeg;400;400;11089
brand_collection;BRAND COLLECTION 25ML.pdf;19;1210;brand_collection_p19_img0164_xref1210.jpeg;jpeg;300;299;11395
brand_collection;BRAND COLLECTION 25ML.pdf;19;1216;brand_collection_p19_img0165_xref1216.jpeg;jpeg;384;384;14903
brand_collection;BRAND COLLECTION 25ML.pdf;19;1224;brand_collection_p19_img0166_xref1224.jpeg;jpeg;313;313;8333
brand_collection;BRAND COLLECTION 25ML.pdf;19;1230;brand_collection_p19_img0167_xref1230.jpeg;jpeg;269;269;9383
brand_collection;BRAND COLLECTION 25ML.pdf;19;1236;brand_collection_p19_img0168_xref1236.jpeg;jpeg;361;361;14690
brand_collection;BRAND COLLECTION 25ML.pdf;19;1244;brand_collection_p19_img0169_xref1244.jpeg;jpeg;361;361;13212
brand_collection;BRAND COLLECTION 25ML.pdf;19;1254;brand_collection_p19_img0170_xref1254.jpeg;jpeg;320;320;11464
brand_collection;BRAND COLLECTION 25ML.pdf;20;1260;brand_collection_p20_img0171_xref1260.jpeg;jpeg;1161;1152;121029
brand_collection;BRAND COLLECTION 25ML.pdf;21;1281;brand_collection_p21_img0172_xref1281.jpeg;jpeg;360;480;10760
brand_collection;BRAND COLLECTION 25ML.pdf;21;1287;brand_collection_p21_img0173_xref1287.jpeg;jpeg;400;533;11733
brand_collection;BRAND COLLECTION 25ML.pdf;21;1297;brand_collection_p21_img0174_xref1297.jpeg;jpeg;203;400;7320
brand_collection;BRAND COLLECTION 25ML.pdf;21;1303;brand_collection_p21_img0175_xref1303.jpeg;jpeg;300;400;9462
brand_collection;BRAND COLLECTION 25ML.pdf;21;1309;brand_collection_p21_img0176_xref1309.jpeg;jpeg;410;410;10309
brand_collection;BRAND COLLECTION 25ML.pdf;21;1315;brand_collection_p21_img0177_xref1315.jpeg;jpeg;344;373;9587
brand_collection;BRAND COLLECTION 25ML.pdf;21;1321;brand_collection_p21_img0178_xref1321.jpeg;jpeg;300;400;8916
brand_collection;BRAND COLLECTION 25ML.pdf;22;1329;brand_collection_p22_img0179_xref1329.jpeg;jpeg;378;528;5293
brand_collection;BRAND COLLECTION 25ML.pdf;23;1349;brand_collection_p23_img0180_xref1349.jpeg;jpeg;360;480;12187
brand_collection;BRAND COLLECTION 25ML.pdf;23;1355;brand_collection_p23_img0181_xref1355.jpeg;jpeg;116;400;9423
brand_collection;BRAND COLLECTION 25ML.pdf;23;1361;brand_collection_p23_img0182_xref1361.jpeg;jpeg;450;450;12460
brand_collection;BRAND COLLECTION 25ML.pdf;23;1367;brand_collection_p23_img0183_xref1367.jpeg;jpeg;381;510;12495
brand_collection;BRAND COLLECTION 25ML.pdf;23;1373;brand_collection_p23_img0184_xref1373.jpeg;jpeg;336;336;8669
brand_collection;BRAND COLLECTION 25ML.pdf;23;1379;brand_collection_p23_img0185_xref1379.jpeg;jpeg;304;404;8209
brand_collection;BRAND COLLECTION 25ML.pdf;23;1385;brand_collection_p23_img0186_xref1385.jpeg;jpeg;384;384;7494
brand_collection;BRAND COLLECTION 25ML.pdf;24;1395;brand_collection_p24_img0187_xref1395.jpeg;jpeg;1207;1217;111094
brand_collection;BRAND COLLECTION 25ML.pdf;25;1421;brand_collection_p25_img0188_xref1421.jpeg;jpeg;386;516;10632
brand_collection;BRAND COLLECTION 25ML.pdf;25;1427;brand_collection_p25_img0189_xref1427.jpeg;jpeg;352;469;10660
brand_collection;BRAND COLLECTION 25ML.pdf;25;1433;brand_collection_p25_img0190_xref1433.jpeg;jpeg;363;483;12041
brand_collection;BRAND COLLECTION 25ML.pdf;25;1439;brand_collection_p25_img0191_xref1439.jpeg;jpeg;333;445;8659
brand_collection;BRAND COLLECTION 25ML.pdf;25;1445;brand_collection_p25_img0192_xref1445.jpeg;jpeg;363;483;10699
brand_collection;BRAND COLLECTION 25ML.pdf;25;1451;brand_collection_p25_img0193_xref1451.jpeg;jpeg;364;486;9345
brand_collection;BRAND COLLECTION 25ML.pdf;25;1457;brand_collection_p25_img0194_xref1457.jpeg;jpeg;176;400;7702
brand_collection;BRAND COLLECTION 25ML.pdf;25;1463;brand_collection_p25_img0195_xref1463.jpeg;jpeg;288;384;6129
brand_collection;BRAND COLLECTION 25ML.pdf;25;1469;brand_collection_p25_img0196_xref1469.jpeg;jpeg;360;360;7793
brand_collection;BRAND COLLECTION 25ML.pdf;26;1478;brand_collection_p26_img0197_xref1478.jpeg;jpeg;145;348;5337
brand_collection;BRAND COLLECTION 25ML.pdf;26;1484;brand_collection_p26_img0198_xref1484.jpeg;jpeg;320;320;7390
brand_collection;BRAND COLLECTION 25ML.pdf;26;1490;brand_collection_p26_img0199_xref1490.jpeg;jpeg;205;477;10441
brand_collection;BRAND COLLECTION 25ML.pdf;26;1496;brand_collection_p26_img0200_xref1496.jpeg;jpeg;313;313;7146
brand_collection;BRAND COLLECTION 25ML.pdf;27;1506;brand_collection_p27_img0201_xref1506.jpeg;jpeg;1209;1246;122723
brand_collection;BRAND COLLECTION 25ML.pdf;28;1520;brand_collection_p28_img0202_xref1520.jpeg;jpeg;338;452;11716
brand_collection;BRAND COLLECTION 25ML.pdf;28;1528;brand_collection_p28_img0203_xref1528.jpeg;jpeg;358;358;6669
brand_collection;BRAND COLLECTION 25ML.pdf;28;1534;brand_collection_p28_img0204_xref1534.jpeg;jpeg;400;400;9247
brand_collection;BRAND COLLECTION 25ML.pdf;28;1540;brand_collection_p28_img0205_xref1540.jpeg;jpeg;170;367;7156
brand_collection;BRAND COLLECTION 25ML.pdf;28;1546;brand_collection_p28_img0206_xref1546.jpeg;jpeg;249;357;6564
brand_collection;BRAND COLLECTION 25ML.pdf;28;1552;brand_collection_p28_img0207_xref1552.jpeg;jpeg;349;464;11130
brand_collection;BRAND COLLECTION 25ML.pdf;28;1558;brand_collection_p28_img0208_xref1558.jpeg;jpeg;400;534;11285
brand_collection;BRAND COLLECTION 25ML.pdf;28;1564;brand_collection_p28_img0209_xref1564.jpeg;jpeg;406;406;10235
brand_collection;BRAND COLLECTION 25ML.pdf;29;1574;brand_collection_p29_img0210_xref1574.jpeg;jpeg;1208;1177;156686
brand_collection;BRAND COLLECTION 25ML.pdf;30;1590;brand_collection_p30_img0211_xref1590.jpeg;jpeg;367;491;10688
brand_collection;BRAND COLLECTION 25ML.pdf;30;1596;brand_collection_p30_img0212_xref1596.jpeg;jpeg;361;481;12465
brand_collection;BRAND COLLECTION 25ML.pdf;30;1602;brand_collection_p30_img0213_xref1602.jpeg;jpeg;349;466;10829
brand_collection;BRAND COLLECTION 25ML.pdf;30;1608;brand_collection_p30_img0214_xref1608.jpeg;jpeg;350;350;7419
brand_collection;BRAND COLLECTION 25ML.pdf;30;1614;brand_collection_p30_img0215_xref1614.jpeg;jpeg;458;458;11805
brand_collection;BRAND COLLECTION 25ML.pdf;30;1620;brand_collection_p30_img0216_xref1620.jpeg;jpeg;458;458;13935
brand_collection;BRAND COLLECTION 25ML.pdf;30;1626;brand_collection_p30_img0217_xref1626.jpeg;jpeg;410;410;9882
brand_collection;BRAND COLLECTION 25ML.pdf;30;1632;brand_collection_p30_img0218_xref1632.jpeg;jpeg;385;385;9365
brand_collection;BRAND COLLECTION 25ML.pdf;30;1638;brand_collection_p30_img0219_xref1638.jpeg;jpeg;410;410;10246
brand_collection;BRAND COLLECTION 25ML.pdf;31;1647;brand_collection_p31_img0220_xref1647.jpeg;jpeg;338;338;8563
brand_collection;BRAND COLLECTION 25ML.pdf;31;1653;brand_collection_p31_img0221_xref1653.jpeg;jpeg;377;377;10729
brand_collection;BRAND COLLECTION 25ML.pdf;31;1659;brand_collection_p31_img0222_xref1659.jpeg;jpeg;288;431;8419
inspirados_100ml;PERFUMES 100ML SIMILARES.pdf;1;33;inspirados_100ml_p01_img0001_xref33.jpeg;jpeg;489;489;14201
inspirados_100ml;PERFUMES 100ML SIMILARES.pdf;1;19;inspirados_100ml_p01_img0002_xref19.jpeg;jpeg;1023;1123;166451
inspirados_100ml;PERFUMES 100ML SIMILARES.pdf;2;50;inspirados_100ml_p02_img0003_xref50.jpeg;jpeg;1079;1223;151576
inspirados_100ml;PERFUMES 100ML SIMILARES.pdf;3;68;inspirados_100ml_p03_img0004_xref68.jpeg;jpeg;1371;2420;65436
inspirados_100ml;PERFUMES 100ML SIMILARES.pdf;3;73;inspirados_100ml_p03_img0005_xref73.jpeg;jpeg;1512;1890;221200
inspirados_100ml;PERFUMES 100ML SIMILARES.pdf;3;91;inspirados_100ml_p03_img0006_xref91.jpeg;jpeg;631;824;36389
inspirados_100ml;PERFUMES 100ML SIMILARES.pdf;3;126;inspirados_100ml_p03_img0007_xref126.jpeg;jpeg;334;445;20129
inspirados_100ml;PERFUMES 100ML SIMILARES.pdf;4;142;inspirados_100ml_p04_img0008_xref142.jpeg;jpeg;1512;1890;212725
inspirados_100ml;PERFUMES 100ML SIMILARES.pdf;4;172;inspirados_100ml_p04_img0009_xref172.jpeg;jpeg;583;777;18338
inspirados_100ml;PERFUMES 100ML SIMILARES.pdf;4;212;inspirados_100ml_p04_img0010_xref212.jpeg;jpeg;427;569;14093
inspirados_100ml;PERFUMES 100ML SIMILARES.pdf;4;230;inspirados_100ml_p04_img0011_xref230.jpeg;jpeg;416;555;16270
inspirados_100ml;PERFUMES 100ML SIMILARES.pdf;4;262;inspirados_100ml_p04_img0012_xref262.jpeg;jpeg;402;537;16700
inspirados_100ml;PERFUMES 100ML SIMILARES.pdf;4;202;inspirados_100ml_p04_img0013_xref202.jpeg;jpeg;390;521;16050
inspirados_100ml;PERFUMES 100ML SIMILARES.pdf;4;220;inspirados_100ml_p04_img0014_xref220.jpeg;jpeg;399;532;14526
inspirados_100ml;PERFUMES 100ML SIMILARES.pdf;4;254;inspirados_100ml_p04_img0015_xref254.jpeg;jpeg;373;496;17003
inspirados_100ml;PERFUMES 100ML SIMILARES.pdf;5;294;inspirados_100ml_p05_img0016_xref294.jpeg;jpeg;359;480;20507
inspirados_100ml;PERFUMES 100ML SIMILARES.pdf;5;306;inspirados_100ml_p05_img0017_xref306.jpeg;jpeg;333;445;14087
inspirados_100ml;PERFUMES 100ML SIMILARES.pdf;5;318;inspirados_100ml_p05_img0018_xref318.jpeg;jpeg;347;462;15585
inspirados_100ml;PERFUMES 100ML SIMILARES.pdf;5;328;inspirados_100ml_p05_img0019_xref328.jpeg;jpeg;344;458;17319
inspirados_100ml;PERFUMES 100ML SIMILARES.pdf;5;338;inspirados_100ml_p05_img0020_xref338.jpeg;jpeg;358;478;17312
inspirados_100ml;PERFUMES 100ML SIMILARES.pdf;5;346;inspirados_100ml_p05_img0021_xref346.jpeg;jpeg;352;469;16126
inspirados_100ml;PERFUMES 100ML SIMILARES.pdf;5;356;inspirados_100ml_p05_img0022_xref356.jpeg;jpeg;359;480;15793
inspirados_100ml;PERFUMES 100ML SIMILARES.pdf;5;366;inspirados_100ml_p05_img0023_xref366.jpeg;jpeg;341;455;16767
inspirados_100ml;PERFUMES 100ML SIMILARES.pdf;5;374;inspirados_100ml_p05_img0024_xref374.jpeg;jpeg;344;458;17789
inspirados_100ml;PERFUMES 100ML SIMILARES.pdf;5;394;inspirados_100ml_p05_img0025_xref394.jpeg;jpeg;520;694;19133
inspirados_100ml;PERFUMES 100ML SIMILARES.pdf;5;406;inspirados_100ml_p05_img0026_xref406.jpeg;jpeg;534;712;17457
inspirados_100ml;PERFUMES 100ML SIMILARES.pdf;5;430;inspirados_100ml_p05_img0027_xref430.jpeg;jpeg;359;480;17666
inspirados_100ml;PERFUMES 100ML SIMILARES.pdf;5;436;inspirados_100ml_p05_img0028_xref436.jpeg;jpeg;369;492;15506
inspirados_100ml;PERFUMES 100ML SIMILARES.pdf;5;446;inspirados_100ml_p05_img0029_xref446.jpeg;jpeg;445;595;17181
inspirados_100ml;PERFUMES 100ML SIMILARES.pdf;5;470;inspirados_100ml_p05_img0030_xref470.jpeg;jpeg;569;759;23714
inspirados_100ml;PERFUMES 100ML SIMILARES.pdf;5;488;inspirados_100ml_p05_img0031_xref488.jpeg;jpeg;403;539;25240
inspirados_100ml;PERFUMES 100ML SIMILARES.pdf;5;516;inspirados_100ml_p05_img0032_xref516.jpeg;jpeg;400;534;17854
inspirados_100ml;PERFUMES 100ML SIMILARES.pdf;5;534;inspirados_100ml_p05_img0033_xref534.jpeg;jpeg;348;466;25785
inspirados_100ml;PERFUMES 100ML SIMILARES.pdf;5;540;inspirados_100ml_p05_img0034_xref540.jpeg;jpeg;360;480;18906
inspirados_100ml;PERFUMES 100ML SIMILARES.pdf;5;562;inspirados_100ml_p05_img0035_xref562.jpeg;jpeg;381;508;13979
inspirados_100ml;PERFUMES 100ML SIMILARES.pdf;5;456;inspirados_100ml_p05_img0036_xref456.jpeg;jpeg;471;629;21090
inspirados_100ml;PERFUMES 100ML SIMILARES.pdf;5;494;inspirados_100ml_p05_img0037_xref494.jpeg;jpeg;464;619;19995
inspirados_100ml;PERFUMES 100ML SIMILARES.pdf;6;577;inspirados_100ml_p06_img0038_xref577.jpeg;jpeg;358;477;14514
inspirados_100ml;PERFUMES 100ML SIMILARES.pdf;6;591;inspirados_100ml_p06_img0039_xref591.jpeg;jpeg;395;528;14578
inspirados_100ml;PERFUMES 100ML SIMILARES.pdf;6;611;inspirados_100ml_p06_img0040_xref611.jpeg;jpeg;461;616;18775
inspirados_100ml;PERFUMES 100ML SIMILARES.pdf;6;623;inspirados_100ml_p06_img0041_xref623.jpeg;jpeg;480;640;23367
inspirados_100ml;PERFUMES 100ML SIMILARES.pdf;6;631;inspirados_100ml_p06_img0042_xref631.jpeg;jpeg;483;644;25982
inspirados_100ml;PERFUMES 100ML SIMILARES.pdf;6;643;inspirados_100ml_p06_img0043_xref643.jpeg;jpeg;434;580;28960
inspirados_100ml;PERFUMES 100ML SIMILARES.pdf;7;683;inspirados_100ml_p07_img0044_xref683.jpeg;jpeg;1079;1224;136967
inspirados_100ml;PERFUMES 100ML SIMILARES.pdf;8;697;inspirados_100ml_p08_img0045_xref697.jpeg;jpeg;1323;1662;171043
inspirados_100ml;PERFUMES 100ML SIMILARES.pdf;8;732;inspirados_100ml_p08_img0046_xref732.jpeg;jpeg;360;480;20531
inspirados_100ml;PERFUMES 100ML SIMILARES.pdf;9;744;inspirados_100ml_p09_img0047_xref744.jpeg;jpeg;1337;1676;158987
inspirados_100ml;PERFUMES 100ML SIMILARES.pdf;9;748;inspirados_100ml_p09_img0048_xref748.jpeg;jpeg;1338;1666;143447
inspirados_100ml;PERFUMES 100ML SIMILARES.pdf;9;761;inspirados_100ml_p09_img0049_xref761.jpeg;jpeg;1512;1890;173829
inspirados_100ml;PERFUMES 100ML SIMILARES.pdf;10;829;inspirados_100ml_p10_img0050_xref829.jpeg;jpeg;254;383;25721
inspirados_100ml;PERFUMES 100ML SIMILARES.pdf;10;859;inspirados_100ml_p10_img0051_xref859.jpeg;jpeg;442;591;16298
inspirados_100ml;PERFUMES 100ML SIMILARES.pdf;10;871;inspirados_100ml_p10_img0052_xref871.jpeg;jpeg;570;759;23939
inspirados_100ml;PERFUMES 100ML SIMILARES.pdf;10;887;inspirados_100ml_p10_img0053_xref887.jpeg;jpeg;475;633;15181
inspirados_100ml;PERFUMES 100ML SIMILARES.pdf;10;903;inspirados_100ml_p10_img0054_xref903.jpeg;jpeg;398;533;20336
inspirados_100ml;PERFUMES 100ML SIMILARES.pdf;10;909;inspirados_100ml_p10_img0055_xref909.jpeg;jpeg;334;445;14054
inspirados_100ml;PERFUMES 100ML SIMILARES.pdf;10;917;inspirados_100ml_p10_img0056_xref917.jpeg;jpeg;360;480;18621
inspirados_100ml;PERFUMES 100ML SIMILARES.pdf;10;925;inspirados_100ml_p10_img0057_xref925.jpeg;jpeg;361;483;18754
inspirados_100ml;PERFUMES 100ML SIMILARES.pdf;10;949;inspirados_100ml_p10_img0058_xref949.jpeg;jpeg;480;640;18750
inspirados_100ml;PERFUMES 100ML SIMILARES.pdf;10;957;inspirados_100ml_p10_img0059_xref957.jpeg;jpeg;288;384;13001
inspirados_100ml;PERFUMES 100ML SIMILARES.pdf;10;967;inspirados_100ml_p10_img0060_xref967.jpeg;jpeg;408;542;16778
inspirados_100ml;PERFUMES 100ML SIMILARES.pdf;10;987;inspirados_100ml_p10_img0061_xref987.jpeg;jpeg;556;741;22593
inspirados_100ml;PERFUMES 100ML SIMILARES.pdf;10;997;inspirados_100ml_p10_img0062_xref997.jpeg;jpeg;360;480;15643
inspirados_100ml;PERFUMES 100ML SIMILARES.pdf;10;1009;inspirados_100ml_p10_img0063_xref1009.jpeg;jpeg;427;569;18405
inspirados_100ml;PERFUMES 100ML SIMILARES.pdf;11;1028;inspirados_100ml_p11_img0064_xref1028.jpeg;jpeg;414;553;15336
inspirados_100ml;PERFUMES 100ML SIMILARES.pdf;11;1040;inspirados_100ml_p11_img0065_xref1040.jpeg;jpeg;417;556;25133
inspirados_100ml;PERFUMES 100ML SIMILARES.pdf;11;1048;inspirados_100ml_p11_img0066_xref1048.jpeg;jpeg;417;556;24420
inspirados_100ml;PERFUMES 100ML SIMILARES.pdf;11;1054;inspirados_100ml_p11_img0067_xref1054.jpeg;jpeg;359;480;15519
inspirados_100ml;PERFUMES 100ML SIMILARES.pdf;11;1064;inspirados_100ml_p11_img0068_xref1064.jpeg;jpeg;359;480;15044
inspirados_100ml;PERFUMES 100ML SIMILARES.pdf;11;1072;inspirados_100ml_p11_img0069_xref1072.jpeg;jpeg;398;533;23335
inspirados_100ml;PERFUMES 100ML SIMILARES.pdf;11;1082;inspirados_100ml_p11_img0070_xref1082.jpeg;jpeg;417;558;16147
inspirados_100ml;PERFUMES 100ML SIMILARES.pdf;11;1096;inspirados_100ml_p11_img0071_xref1096.jpeg;jpeg;381;509;13808
inspirados_100ml;PERFUMES 100ML SIMILARES.pdf;11;1106;inspirados_100ml_p11_img0072_xref1106.jpeg;jpeg;359;480;17592
inspirados_100ml;PERFUMES 100ML SIMILARES.pdf;11;1138;inspirados_100ml_p11_img0073_xref1138.jpeg;jpeg;367;489;17926
originais_arabes;PERFUMES ORIGINAIS  .pdf;1;70;originais_arabes_p01_img0001_xref70.jpeg;jpeg;409;409;10721
originais_arabes;PERFUMES ORIGINAIS  .pdf;1;57;originais_arabes_p01_img0002_xref57.jpeg;jpeg;1144;1254;126965
originais_arabes;PERFUMES ORIGINAIS  .pdf;2;93;originais_arabes_p02_img0003_xref93.jpeg;jpeg;1107;1254;120133
originais_arabes;PERFUMES ORIGINAIS  .pdf;3;110;originais_arabes_p03_img0004_xref110.jpeg;jpeg;1371;2420;65436
originais_arabes;PERFUMES ORIGINAIS  .pdf;3;119;originais_arabes_p03_img0005_xref119.jpeg;jpeg;361;512;25612
originais_arabes;PERFUMES ORIGINAIS  .pdf;3;125;originais_arabes_p03_img0006_xref125.jpeg;jpeg;225;225;10373
originais_arabes;PERFUMES ORIGINAIS  .pdf;3;133;originais_arabes_p03_img0007_xref133.jpeg;jpeg;502;670;33407
originais_arabes;PERFUMES ORIGINAIS  .pdf;3;139;originais_arabes_p03_img0008_xref139.jpeg;jpeg;403;403;31272
originais_arabes;PERFUMES ORIGINAIS  .pdf;3;157;originais_arabes_p03_img0009_xref157.jpeg;jpeg;512;913;42915
originais_arabes;PERFUMES ORIGINAIS  .pdf;3;165;originais_arabes_p03_img0010_xref165.jpeg;jpeg;447;447;20241
originais_arabes;PERFUMES ORIGINAIS  .pdf;3;173;originais_arabes_p03_img0011_xref173.jpeg;jpeg;403;403;13730
originais_arabes;PERFUMES ORIGINAIS  .pdf;3;181;originais_arabes_p03_img0012_xref181.jpeg;jpeg;432;432;19926
originais_arabes;PERFUMES ORIGINAIS  .pdf;3;205;originais_arabes_p03_img0013_xref205.jpeg;jpeg;437;434;23946
originais_arabes;PERFUMES ORIGINAIS  .pdf;4;216;originais_arabes_p04_img0014_xref216.jpeg;jpeg;432;432;43458
originais_arabes;PERFUMES ORIGINAIS  .pdf;4;222;originais_arabes_p04_img0015_xref222.jpeg;jpeg;225;225;6665
originais_arabes;PERFUMES ORIGINAIS  .pdf;4;236;originais_arabes_p04_img0016_xref236.jpeg;jpeg;500;500;15589
originais_arabes;PERFUMES ORIGINAIS  .pdf;4;244;originais_arabes_p04_img0017_xref244.jpeg;jpeg;540;540;19294
originais_arabes;PERFUMES ORIGINAIS  .pdf;4;256;originais_arabes_p04_img0018_xref256.jpeg;jpeg;600;408;22027
originais_arabes;PERFUMES ORIGINAIS  .pdf;4;262;originais_arabes_p04_img0019_xref262.jpeg;jpeg;469;627;19353
originais_arabes;PERFUMES ORIGINAIS  .pdf;4;268;originais_arabes_p04_img0020_xref268.jpeg;jpeg;384;512;19414
originais_arabes;PERFUMES ORIGINAIS  .pdf;4;294;originais_arabes_p04_img0021_xref294.jpeg;jpeg;512;512;22809
originais_arabes;PERFUMES ORIGINAIS  .pdf;4;302;originais_arabes_p04_img0022_xref302.jpeg;jpeg;225;225;7721
originais_arabes;PERFUMES ORIGINAIS  .pdf;5;315;originais_arabes_p05_img0023_xref315.jpeg;jpeg;450;450;16000
originais_arabes;PERFUMES ORIGINAIS  .pdf;5;331;originais_arabes_p05_img0024_xref331.jpeg;jpeg;511;681;31061
originais_arabes;PERFUMES ORIGINAIS  .pdf;5;337;originais_arabes_p05_img0025_xref337.jpeg;jpeg;241;209;7753
originais_arabes;PERFUMES ORIGINAIS  .pdf;5;347;originais_arabes_p05_img0026_xref347.jpeg;jpeg;500;500;17660
originais_arabes;PERFUMES ORIGINAIS  .pdf;5;361;originais_arabes_p05_img0027_xref361.jpeg;jpeg;224;225;7188
originais_arabes;PERFUMES ORIGINAIS  .pdf;5;371;originais_arabes_p05_img0028_xref371.jpeg;jpeg;497;497;43657
originais_arabes;PERFUMES ORIGINAIS  .pdf;5;381;originais_arabes_p05_img0029_xref381.jpeg;jpeg;500;500;17501
originais_arabes;PERFUMES ORIGINAIS  .pdf;5;391;originais_arabes_p05_img0030_xref391.jpeg;jpeg;500;462;21401
originais_arabes;PERFUMES ORIGINAIS  .pdf;5;399;originais_arabes_p05_img0031_xref399.jpeg;jpeg;500;500;17787
originais_arabes;PERFUMES ORIGINAIS  .pdf;6;412;originais_arabes_p06_img0032_xref412.jpeg;jpeg;225;225;5942
originais_arabes;PERFUMES ORIGINAIS  .pdf;6;424;originais_arabes_p06_img0033_xref424.jpeg;jpeg;225;225;6659
originais_arabes;PERFUMES ORIGINAIS  .pdf;6;432;originais_arabes_p06_img0034_xref432.jpeg;jpeg;403;403;19615
originais_arabes;PERFUMES ORIGINAIS  .pdf;6;440;originais_arabes_p06_img0035_xref440.jpeg;jpeg;447;447;16592
originais_arabes;PERFUMES ORIGINAIS  .pdf;6;448;originais_arabes_p06_img0036_xref448.jpeg;jpeg;450;450;20518
originais_arabes;PERFUMES ORIGINAIS  .pdf;6;456;originais_arabes_p06_img0037_xref456.jpeg;jpeg;500;500;23057
originais_arabes;PERFUMES ORIGINAIS  .pdf;6;464;originais_arabes_p06_img0038_xref464.jpeg;jpeg;447;447;17329
originais_arabes;PERFUMES ORIGINAIS  .pdf;6;474;originais_arabes_p06_img0039_xref474.jpeg;jpeg;600;600;27295
originais_arabes;PERFUMES ORIGINAIS  .pdf;6;480;originais_arabes_p06_img0040_xref480.jpeg;jpeg;482;500;27713
originais_arabes;PERFUMES ORIGINAIS  .pdf;7;507;originais_arabes_p07_img0041_xref507.jpeg;jpeg;297;350;14656
originais_arabes;PERFUMES ORIGINAIS  .pdf;7;515;originais_arabes_p07_img0042_xref515.jpeg;jpeg;193;196;5307
originais_arabes;PERFUMES ORIGINAIS  .pdf;7;527;originais_arabes_p07_img0043_xref527.jpeg;jpeg;444;444;17866
originais_arabes;PERFUMES ORIGINAIS  .pdf;7;539;originais_arabes_p07_img0044_xref539.jpeg;jpeg;388;388;18936
originais_arabes;PERFUMES ORIGINAIS  .pdf;7;545;originais_arabes_p07_img0045_xref545.jpeg;jpeg;403;403;18754
originais_arabes;PERFUMES ORIGINAIS  .pdf;7;555;originais_arabes_p07_img0046_xref555.jpeg;jpeg;396;409;17508
originais_arabes;PERFUMES ORIGINAIS  .pdf;7;565;originais_arabes_p07_img0047_xref565.jpeg;jpeg;600;375;13476
originais_arabes;PERFUMES ORIGINAIS  .pdf;7;573;originais_arabes_p07_img0048_xref573.jpeg;jpeg;399;406;22659
originais_arabes;PERFUMES ORIGINAIS  .pdf;7;581;originais_arabes_p07_img0049_xref581.jpeg;jpeg;409;396;25569
originais_arabes;PERFUMES ORIGINAIS  .pdf;8;600;originais_arabes_p08_img0050_xref600.jpeg;jpeg;241;252;6557
originais_arabes;PERFUMES ORIGINAIS  .pdf;8;612;originais_arabes_p08_img0051_xref612.jpeg;jpeg;393;400;14432
originais_arabes;PERFUMES ORIGINAIS  .pdf;8;622;originais_arabes_p08_img0052_xref622.jpeg;jpeg;500;500;23813
originais_arabes;PERFUMES ORIGINAIS  .pdf;8;630;originais_arabes_p08_img0053_xref630.jpeg;jpeg;519;519;21849
originais_arabes;PERFUMES ORIGINAIS  .pdf;8;638;originais_arabes_p08_img0054_xref638.jpeg;jpeg;403;403;18040
originais_arabes;PERFUMES ORIGINAIS  .pdf;8;648;originais_arabes_p08_img0055_xref648.jpeg;jpeg;225;225;5809
originais_arabes;PERFUMES ORIGINAIS  .pdf;8;656;originais_arabes_p08_img0056_xref656.jpeg;jpeg;630;630;27549
originais_arabes;PERFUMES ORIGINAIS  .pdf;8;664;originais_arabes_p08_img0057_xref664.jpeg;jpeg;512;512;23406
originais_arabes;PERFUMES ORIGINAIS  .pdf;8;672;originais_arabes_p08_img0058_xref672.jpeg;jpeg;480;480;26529
originais_arabes;PERFUMES ORIGINAIS  .pdf;9;699;originais_arabes_p09_img0059_xref699.jpeg;jpeg;243;207;7619
originais_arabes;PERFUMES ORIGINAIS  .pdf;9;711;originais_arabes_p09_img0060_xref711.jpeg;jpeg;545;600;31243
originais_arabes;PERFUMES ORIGINAIS  .pdf;9;719;originais_arabes_p09_img0061_xref719.jpeg;jpeg;444;444;19538
originais_arabes;PERFUMES ORIGINAIS  .pdf;9;729;originais_arabes_p09_img0062_xref729.jpeg;jpeg;241;275;8769
originais_arabes;PERFUMES ORIGINAIS  .pdf;9;737;originais_arabes_p09_img0063_xref737.jpeg;jpeg;350;329;15581
originais_arabes;PERFUMES ORIGINAIS  .pdf;9;745;originais_arabes_p09_img0064_xref745.jpeg;jpeg;403;403;29782
originais_arabes;PERFUMES ORIGINAIS  .pdf;9;753;originais_arabes_p09_img0065_xref753.jpeg;jpeg;403;403;14649
originais_arabes;PERFUMES ORIGINAIS  .pdf;9;759;originais_arabes_p09_img0066_xref759.jpeg;jpeg;388;388;15317
originais_arabes;PERFUMES ORIGINAIS  .pdf;9;767;originais_arabes_p09_img0067_xref767.jpeg;jpeg;415;481;27837
originais_arabes;PERFUMES ORIGINAIS  .pdf;10;790;originais_arabes_p10_img0068_xref790.jpeg;jpeg;480;480;18709
originais_arabes;PERFUMES ORIGINAIS  .pdf;10;800;originais_arabes_p10_img0069_xref800.jpeg;jpeg;423;450;23732
originais_arabes;PERFUMES ORIGINAIS  .pdf;10;806;originais_arabes_p10_img0070_xref806.jpeg;jpeg;403;403;17229
originais_arabes;PERFUMES ORIGINAIS  .pdf;10;812;originais_arabes_p10_img0071_xref812.jpeg;jpeg;403;403;26269
originais_arabes;PERFUMES ORIGINAIS  .pdf;10;820;originais_arabes_p10_img0072_xref820.jpeg;jpeg;500;500;19828
originais_arabes;PERFUMES ORIGINAIS  .pdf;10;828;originais_arabes_p10_img0073_xref828.jpeg;jpeg;400;387;16453
originais_arabes;PERFUMES ORIGINAIS  .pdf;10;836;originais_arabes_p10_img0074_xref836.jpeg;jpeg;399;501;15040
originais_arabes;PERFUMES ORIGINAIS  .pdf;10;842;originais_arabes_p10_img0075_xref842.jpeg;jpeg;444;444;22414
originais_arabes;PERFUMES ORIGINAIS  .pdf;10;850;originais_arabes_p10_img0076_xref850.jpeg;jpeg;480;480;20574
originais_arabes;PERFUMES ORIGINAIS  .pdf;11;881;originais_arabes_p11_img0077_xref881.jpeg;jpeg;405;405;18019
originais_arabes;PERFUMES ORIGINAIS  .pdf;11;887;originais_arabes_p11_img0078_xref887.jpeg;jpeg;363;415;20946
originais_arabes;PERFUMES ORIGINAIS  .pdf;11;895;originais_arabes_p11_img0079_xref895.jpeg;jpeg;512;512;18478
originais_arabes;PERFUMES ORIGINAIS  .pdf;11;903;originais_arabes_p11_img0080_xref903.jpeg;jpeg;528;528;29721
originais_arabes;PERFUMES ORIGINAIS  .pdf;11;909;originais_arabes_p11_img0081_xref909.jpeg;jpeg;400;381;19623
originais_arabes;PERFUMES ORIGINAIS  .pdf;11;915;originais_arabes_p11_img0082_xref915.jpeg;jpeg;500;500;28284
originais_arabes;PERFUMES ORIGINAIS  .pdf;11;921;originais_arabes_p11_img0083_xref921.jpeg;jpeg;500;667;22263
originais_arabes;PERFUMES ORIGINAIS  .pdf;11;927;originais_arabes_p11_img0084_xref927.jpeg;jpeg;477;500;20650
originais_arabes;PERFUMES ORIGINAIS  .pdf;11;933;originais_arabes_p11_img0085_xref933.jpeg;jpeg;432;432;18715
originais_arabes;PERFUMES ORIGINAIS  .pdf;12;958;originais_arabes_p12_img0086_xref958.jpeg;jpeg;388;388;17959
originais_arabes;PERFUMES ORIGINAIS  .pdf;12;968;originais_arabes_p12_img0087_xref968.jpeg;jpeg;447;447;21665
originais_arabes;PERFUMES ORIGINAIS  .pdf;12;976;originais_arabes_p12_img0088_xref976.jpeg;jpeg;600;600;26243
originais_arabes;PERFUMES ORIGINAIS  .pdf;12;982;originais_arabes_p12_img0089_xref982.jpeg;jpeg;500;482;39966
originais_arabes;PERFUMES ORIGINAIS  .pdf;12;988;originais_arabes_p12_img0090_xref988.jpeg;jpeg;373;500;18060
originais_arabes;PERFUMES ORIGINAIS  .pdf;12;994;originais_arabes_p12_img0091_xref994.jpeg;jpeg;537;537;19608
originais_arabes;PERFUMES ORIGINAIS  .pdf;12;1002;originais_arabes_p12_img0092_xref1002.jpeg;jpeg;502;502;32086
originais_arabes;PERFUMES ORIGINAIS  .pdf;12;1012;originais_arabes_p12_img0093_xref1012.jpeg;jpeg;502;502;24507
originais_arabes;PERFUMES ORIGINAIS  .pdf;12;1032;originais_arabes_p12_img0094_xref1032.jpeg;jpeg;566;566;29648
originais_arabes;PERFUMES ORIGINAIS  .pdf;13;1043;originais_arabes_p13_img0095_xref1043.jpeg;jpeg;324;324;9106
originais_arabes;PERFUMES ORIGINAIS  .pdf;13;1053;originais_arabes_p13_img0096_xref1053.jpeg;jpeg;427;427;22798
originais_arabes;PERFUMES ORIGINAIS  .pdf;13;1059;originais_arabes_p13_img0097_xref1059.jpeg;jpeg;427;474;15458
originais_arabes;PERFUMES ORIGINAIS  .pdf;13;1065;originais_arabes_p13_img0098_xref1065.jpeg;jpeg;303;303;8300
originais_arabes;PERFUMES ORIGINAIS  .pdf;13;1071;originais_arabes_p13_img0099_xref1071.jpeg;jpeg;427;291;12483
originais_arabes;PERFUMES ORIGINAIS  .pdf;13;1077;originais_arabes_p13_img0100_xref1077.jpeg;jpeg;720;720;27063
originais_arabes;PERFUMES ORIGINAIS  .pdf;13;1083;originais_arabes_p13_img0101_xref1083.jpeg;jpeg;505;531;28281
originais_arabes;PERFUMES ORIGINAIS  .pdf;13;1089;originais_arabes_p13_img0102_xref1089.jpeg;jpeg;566;566;21713
originais_arabes;PERFUMES ORIGINAIS  .pdf;13;1109;originais_arabes_p13_img0103_xref1109.jpeg;jpeg;340;340;11039
originais_arabes;PERFUMES ORIGINAIS  .pdf;14;1120;originais_arabes_p14_img0104_xref1120.jpeg;jpeg;447;447;16904
originais_arabes;PERFUMES ORIGINAIS  .pdf;14;1130;originais_arabes_p14_img0105_xref1130.jpeg;jpeg;480;480;22068
originais_arabes;PERFUMES ORIGINAIS  .pdf;14;1138;originais_arabes_p14_img0106_xref1138.jpeg;jpeg;566;566;29751
originais_arabes;PERFUMES ORIGINAIS  .pdf;14;1146;originais_arabes_p14_img0107_xref1146.jpeg;jpeg;225;225;12413
originais_arabes;PERFUMES ORIGINAIS  .pdf;14;1156;originais_arabes_p14_img0108_xref1156.jpeg;jpeg;520;520;31215
originais_arabes;PERFUMES ORIGINAIS  .pdf;14;1164;originais_arabes_p14_img0109_xref1164.jpeg;jpeg;450;450;15243
originais_arabes;PERFUMES ORIGINAIS  .pdf;14;1184;originais_arabes_p14_img0110_xref1184.jpeg;jpeg;451;395;21073
originais_arabes;PERFUMES ORIGINAIS  .pdf;14;1194;originais_arabes_p14_img0111_xref1194.jpeg;jpeg;545;416;18537
originais_arabes;PERFUMES ORIGINAIS  .pdf;15;1204;originais_arabes_p15_img0112_xref1204.jpeg;jpeg;1107;1254;120299
originais_arabes;PERFUMES ORIGINAIS  .pdf;16;1222;originais_arabes_p16_img0113_xref1222.jpeg;jpeg;225;225;9218
originais_arabes;PERFUMES ORIGINAIS  .pdf;16;1228;originais_arabes_p16_img0114_xref1228.jpeg;jpeg;225;225;10378
originais_arabes;PERFUMES ORIGINAIS  .pdf;16;1234;originais_arabes_p16_img0115_xref1234.jpeg;jpeg;225;225;6621
originais_arabes;PERFUMES ORIGINAIS  .pdf;16;1252;originais_arabes_p16_img0116_xref1252.jpeg;jpeg;400;384;13935
originais_arabes;PERFUMES ORIGINAIS  .pdf;16;1262;originais_arabes_p16_img0117_xref1262.jpeg;jpeg;444;444;20273
originais_arabes;PERFUMES ORIGINAIS  .pdf;16;1268;originais_arabes_p16_img0118_xref1268.jpeg;jpeg;160;160;5602
originais_arabes;PERFUMES ORIGINAIS  .pdf;16;1276;originais_arabes_p16_img0119_xref1276.jpeg;jpeg;420;420;20448
originais_arabes;PERFUMES ORIGINAIS  .pdf;16;1284;originais_arabes_p16_img0120_xref1284.jpeg;jpeg;447;447;27041
originais_arabes;PERFUMES ORIGINAIS  .pdf;16;1292;originais_arabes_p16_img0121_xref1292.jpeg;jpeg;450;450;25138
originais_arabes;PERFUMES ORIGINAIS  .pdf;17;1323;originais_arabes_p17_img0122_xref1323.jpeg;jpeg;480;640;26411
originais_arabes;PERFUMES ORIGINAIS  .pdf;17;1329;originais_arabes_p17_img0123_xref1329.jpeg;jpeg;480;640;26463
originais_arabes;PERFUMES ORIGINAIS  .pdf;17;1335;originais_arabes_p17_img0124_xref1335.jpeg;jpeg;480;640;27207
originais_arabes;PERFUMES ORIGINAIS  .pdf;17;1343;originais_arabes_p17_img0125_xref1343.jpeg;jpeg;480;640;26589
originais_arabes;PERFUMES ORIGINAIS  .pdf;17;1349;originais_arabes_p17_img0126_xref1349.jpeg;jpeg;480;640;25261
originais_arabes;PERFUMES ORIGINAIS  .pdf;17;1381;originais_arabes_p17_img0127_xref1381.jpeg;jpeg;225;225;8560
originais_arabes;PERFUMES ORIGINAIS  .pdf;17;1393;originais_arabes_p17_img0128_xref1393.jpeg;jpeg;500;500;39455
originais_arabes;PERFUMES ORIGINAIS  .pdf;17;1399;originais_arabes_p17_img0129_xref1399.jpeg;jpeg;480;480;27566
originais_arabes;PERFUMES ORIGINAIS  .pdf;17;1411;originais_arabes_p17_img0130_xref1411.jpeg;jpeg;400;400;13845
originais_arabes;PERFUMES ORIGINAIS  .pdf;18;1426;originais_arabes_p18_img0131_xref1426.jpeg;jpeg;225;225;9699
originais_arabes;PERFUMES ORIGINAIS  .pdf;18;1434;originais_arabes_p18_img0132_xref1434.jpeg;jpeg;225;225;9630
originais_arabes;PERFUMES ORIGINAIS  .pdf;18;1442;originais_arabes_p18_img0133_xref1442.jpeg;jpeg;225;225;8388
originais_arabes;PERFUMES ORIGINAIS  .pdf;18;1448;originais_arabes_p18_img0134_xref1448.jpeg;jpeg;517;601;21210
originais_arabes;PERFUMES ORIGINAIS  .pdf;18;1468;originais_arabes_p18_img0135_xref1468.jpeg;jpeg;193;223;9070
originais_arabes;PERFUMES ORIGINAIS  .pdf;18;1476;originais_arabes_p18_img0136_xref1476.jpeg;jpeg;447;447;25570
originais_arabes;PERFUMES ORIGINAIS  .pdf;18;1484;originais_arabes_p18_img0137_xref1484.jpeg;jpeg;600;600;26761
originais_arabes;PERFUMES ORIGINAIS  .pdf;18;1492;originais_arabes_p18_img0138_xref1492.jpeg;jpeg;380;380;17163
originais_arabes;PERFUMES ORIGINAIS  .pdf;18;1500;originais_arabes_p18_img0139_xref1500.jpeg;jpeg;450;449;37638
originais_arabes;PERFUMES ORIGINAIS  .pdf;19;1533;originais_arabes_p19_img0140_xref1533.jpeg;jpeg;700;700;20055
originais_arabes;PERFUMES ORIGINAIS  .pdf;19;1539;originais_arabes_p19_img0141_xref1539.jpeg;jpeg;431;377;19562
originais_arabes;PERFUMES ORIGINAIS  .pdf;19;1549;originais_arabes_p19_img0142_xref1549.jpeg;jpeg;225;225;8076
originais_arabes;PERFUMES ORIGINAIS  .pdf;19;1559;originais_arabes_p19_img0143_xref1559.jpeg;jpeg;225;225;6388
originais_arabes;PERFUMES ORIGINAIS  .pdf;19;1565;originais_arabes_p19_img0144_xref1565.jpeg;jpeg;528;528;34636
originais_arabes;PERFUMES ORIGINAIS  .pdf;19;1573;originais_arabes_p19_img0145_xref1573.jpeg;jpeg;203;249;7306
originais_arabes;PERFUMES ORIGINAIS  .pdf;19;1581;originais_arabes_p19_img0146_xref1581.jpeg;jpeg;500;500;25817
originais_arabes;PERFUMES ORIGINAIS  .pdf;19;1589;originais_arabes_p19_img0147_xref1589.jpeg;jpeg;500;500;21699
originais_arabes;PERFUMES ORIGINAIS  .pdf;19;1611;originais_arabes_p19_img0148_xref1611.jpeg;jpeg;500;500;16578
originais_arabes;PERFUMES ORIGINAIS  .pdf;20;1624;originais_arabes_p20_img0149_xref1624.jpeg;jpeg;500;400;21348
originais_arabes;PERFUMES ORIGINAIS  .pdf;20;1638;originais_arabes_p20_img0150_xref1638.jpeg;jpeg;384;400;24611
originais_arabes;PERFUMES ORIGINAIS  .pdf;20;1646;originais_arabes_p20_img0151_xref1646.jpeg;jpeg;480;480;24204
originais_arabes;PERFUMES ORIGINAIS  .pdf;20;1652;originais_arabes_p20_img0152_xref1652.jpeg;jpeg;400;376;18777
originais_arabes;PERFUMES ORIGINAIS  .pdf;20;1664;originais_arabes_p20_img0153_xref1664.jpeg;jpeg;500;410;26400
originais_arabes;PERFUMES ORIGINAIS  .pdf;20;1672;originais_arabes_p20_img0154_xref1672.jpeg;jpeg;500;500;16653
originais_arabes;PERFUMES ORIGINAIS  .pdf;20;1680;originais_arabes_p20_img0155_xref1680.jpeg;jpeg;193;257;10354
originais_arabes;PERFUMES ORIGINAIS  .pdf;20;1688;originais_arabes_p20_img0156_xref1688.jpeg;jpeg;432;432;16690
originais_arabes;PERFUMES ORIGINAIS  .pdf;20;1696;originais_arabes_p20_img0157_xref1696.jpeg;jpeg;480;557;34770
originais_arabes;PERFUMES ORIGINAIS  .pdf;21;1717;originais_arabes_p21_img0158_xref1717.jpeg;jpeg;450;450;20350
originais_arabes;PERFUMES ORIGINAIS  .pdf;21;1729;originais_arabes_p21_img0159_xref1729.jpeg;jpeg;395;411;19053
originais_arabes;PERFUMES ORIGINAIS  .pdf;21;1737;originais_arabes_p21_img0160_xref1737.jpeg;jpeg;231;218;6638
originais_arabes;PERFUMES ORIGINAIS  .pdf;21;1743;originais_arabes_p21_img0161_xref1743.jpeg;jpeg;401;405;25693
originais_arabes;PERFUMES ORIGINAIS  .pdf;21;1751;originais_arabes_p21_img0162_xref1751.jpeg;jpeg;480;480;19724
originais_arabes;PERFUMES ORIGINAIS  .pdf;21;1759;originais_arabes_p21_img0163_xref1759.jpeg;jpeg;480;480;37028
originais_arabes;PERFUMES ORIGINAIS  .pdf;21;1765;originais_arabes_p21_img0164_xref1765.jpeg;jpeg;437;457;17666
originais_arabes;PERFUMES ORIGINAIS  .pdf;21;1773;originais_arabes_p21_img0165_xref1773.jpeg;jpeg;480;480;30383
originais_arabes;PERFUMES ORIGINAIS  .pdf;21;1781;originais_arabes_p21_img0166_xref1781.jpeg;jpeg;567;542;40130
originais_arabes;PERFUMES ORIGINAIS  .pdf;22;1808;originais_arabes_p22_img0167_xref1808.jpeg;jpeg;500;437;27748
originais_arabes;PERFUMES ORIGINAIS  .pdf;22;1814;originais_arabes_p22_img0168_xref1814.jpeg;jpeg;508;511;19766
originais_arabes;PERFUMES ORIGINAIS  .pdf;22;1830;originais_arabes_p22_img0169_xref1830.jpeg;jpeg;600;600;27772
originais_arabes;PERFUMES ORIGINAIS  .pdf;22;1838;originais_arabes_p22_img0170_xref1838.jpeg;jpeg;480;480;17308
originais_arabes;PERFUMES ORIGINAIS  .pdf;22;1844;originais_arabes_p22_img0171_xref1844.jpeg;jpeg;541;541;22389
originais_arabes;PERFUMES ORIGINAIS  .pdf;22;1854;originais_arabes_p22_img0172_xref1854.jpeg;jpeg;598;598;24426
originais_arabes;PERFUMES ORIGINAIS  .pdf;22;1864;originais_arabes_p22_img0173_xref1864.jpeg;jpeg;366;392;17436
originais_arabes;PERFUMES ORIGINAIS  .pdf;22;1870;originais_arabes_p22_img0174_xref1870.jpeg;jpeg;480;480;16076
originais_arabes;PERFUMES ORIGINAIS  .pdf;22;1880;originais_arabes_p22_img0175_xref1880.jpeg;jpeg;512;512;23749
originais_arabes;PERFUMES ORIGINAIS  .pdf;23;1909;originais_arabes_p23_img0176_xref1909.jpeg;jpeg;450;296;13245
originais_arabes;PERFUMES ORIGINAIS  .pdf;23;1915;originais_arabes_p23_img0177_xref1915.jpeg;jpeg;500;436;13191
originais_arabes;PERFUMES ORIGINAIS  .pdf;23;1925;originais_arabes_p23_img0178_xref1925.jpeg;jpeg;400;396;29603
originais_arabes;PERFUMES ORIGINAIS  .pdf;23;1933;originais_arabes_p23_img0179_xref1933.jpeg;jpeg;502;502;19918
originais_arabes;PERFUMES ORIGINAIS  .pdf;23;1939;originais_arabes_p23_img0180_xref1939.jpeg;jpeg;447;447;13223
originais_arabes;PERFUMES ORIGINAIS  .pdf;23;1945;originais_arabes_p23_img0181_xref1945.jpeg;jpeg;502;502;24987
originais_arabes;PERFUMES ORIGINAIS  .pdf;23;1951;originais_arabes_p23_img0182_xref1951.jpeg;jpeg;389;416;18583
originais_arabes;PERFUMES ORIGINAIS  .pdf;23;1957;originais_arabes_p23_img0183_xref1957.jpeg;jpeg;480;480;19063
originais_arabes;PERFUMES ORIGINAIS  .pdf;23;1969;originais_arabes_p23_img0184_xref1969.jpeg;jpeg;540;540;26651
originais_arabes;PERFUMES ORIGINAIS  .pdf;24;1996;originais_arabes_p24_img0185_xref1996.jpeg;jpeg;573;573;23846
originais_arabes;PERFUMES ORIGINAIS  .pdf;24;2002;originais_arabes_p24_img0186_xref2002.jpeg;jpeg;427;427;19564
originais_arabes;PERFUMES ORIGINAIS  .pdf;24;2009;originais_arabes_p24_img0187_xref2009.jpeg;jpeg;434;480;34113
originais_arabes;PERFUMES ORIGINAIS  .pdf;24;2017;originais_arabes_p24_img0188_xref2017.jpeg;jpeg;444;444;19927
originais_arabes;PERFUMES ORIGINAIS  .pdf;24;2025;originais_arabes_p24_img0189_xref2025.jpeg;jpeg;423;530;29389
originais_arabes;PERFUMES ORIGINAIS  .pdf;24;2033;originais_arabes_p24_img0190_xref2033.jpeg;jpeg;480;480;17710
originais_arabes;PERFUMES ORIGINAIS  .pdf;24;2043;originais_arabes_p24_img0191_xref2043.jpeg;jpeg;480;480;35282
originais_arabes;PERFUMES ORIGINAIS  .pdf;24;2051;originais_arabes_p24_img0192_xref2051.jpeg;jpeg;450;410;15635
originais_arabes;PERFUMES ORIGINAIS  .pdf;24;2059;originais_arabes_p24_img0193_xref2059.jpeg;jpeg;391;400;12106
originais_arabes;PERFUMES ORIGINAIS  .pdf;25;2088;originais_arabes_p25_img0194_xref2088.jpeg;jpeg;500;500;20623
originais_arabes;PERFUMES ORIGINAIS  .pdf;25;2094;originais_arabes_p25_img0195_xref2094.jpeg;jpeg;572;572;19594
originais_arabes;PERFUMES ORIGINAIS  .pdf;25;2104;originais_arabes_p25_img0196_xref2104.jpeg;jpeg;480;480;14738
originais_arabes;PERFUMES ORIGINAIS  .pdf;25;2110;originais_arabes_p25_img0197_xref2110.jpeg;jpeg;500;412;19472
originais_arabes;PERFUMES ORIGINAIS  .pdf;25;2116;originais_arabes_p25_img0198_xref2116.jpeg;jpeg;500;600;12247
originais_arabes;PERFUMES ORIGINAIS  .pdf;25;2124;originais_arabes_p25_img0199_xref2124.jpeg;jpeg;450;450;14755
originais_arabes;PERFUMES ORIGINAIS  .pdf;25;2134;originais_arabes_p25_img0200_xref2134.jpeg;jpeg;400;396;16023
originais_arabes;PERFUMES ORIGINAIS  .pdf;25;2142;originais_arabes_p25_img0201_xref2142.jpeg;jpeg;598;598;33493
originais_arabes;PERFUMES ORIGINAIS  .pdf;26;2164;originais_arabes_p26_img0202_xref2164.jpeg;jpeg;1505;1706;125762
originais_arabes;PERFUMES ORIGINAIS  .pdf;27;2186;originais_arabes_p27_img0203_xref2186.jpeg;jpeg;474;474;13220
originais_arabes;PERFUMES ORIGINAIS  .pdf;27;2198;originais_arabes_p27_img0204_xref2198.jpeg;jpeg;540;540;16960
originais_arabes;PERFUMES ORIGINAIS  .pdf;27;2204;originais_arabes_p27_img0205_xref2204.jpeg;jpeg;540;540;16276
originais_arabes;PERFUMES ORIGINAIS  .pdf;27;2210;originais_arabes_p27_img0206_xref2210.jpeg;jpeg;480;480;11751
originais_arabes;PERFUMES ORIGINAIS  .pdf;27;2216;originais_arabes_p27_img0207_xref2216.jpeg;jpeg;480;480;13155
originais_arabes;PERFUMES ORIGINAIS  .pdf;27;2226;originais_arabes_p27_img0208_xref2226.jpeg;jpeg;420;400;12196
originais_arabes;PERFUMES ORIGINAIS  .pdf;27;2240;originais_arabes_p27_img0209_xref2240.jpeg;jpeg;525;539;20133
originais_arabes;PERFUMES ORIGINAIS  .pdf;27;2246;originais_arabes_p27_img0210_xref2246.jpeg;jpeg;480;720;16320
originais_arabes;PERFUMES ORIGINAIS  .pdf;27;2252;originais_arabes_p27_img0211_xref2252.jpeg;jpeg;540;540;17616
originais_arabes;PERFUMES ORIGINAIS  .pdf;28;2270;originais_arabes_p28_img0212_xref2270.jpeg;jpeg;450;382;13983
originais_arabes;PERFUMES ORIGINAIS  .pdf;29;2278;originais_arabes_p29_img0213_xref2278.jpeg;jpeg;906;1026;84651
originais_arabes;PERFUMES ORIGINAIS  .pdf;30;2297;originais_arabes_p30_img0214_xref2297.jpeg;jpeg;554;554;19850
originais_arabes;PERFUMES ORIGINAIS  .pdf;30;2307;originais_arabes_p30_img0215_xref2307.jpeg;jpeg;447;447;18403
originais_arabes;PERFUMES ORIGINAIS  .pdf;30;2313;originais_arabes_p30_img0216_xref2313.jpeg;jpeg;600;600;27641
originais_arabes;PERFUMES ORIGINAIS  .pdf;30;2319;originais_arabes_p30_img0217_xref2319.jpeg;jpeg;447;447;16690
originais_arabes;PERFUMES ORIGINAIS  .pdf;30;2327;originais_arabes_p30_img0218_xref2327.jpeg;jpeg;600;600;21324
originais_arabes;PERFUMES ORIGINAIS  .pdf;30;2333;originais_arabes_p30_img0219_xref2333.jpeg;jpeg;224;224;5736
originais_arabes;PERFUMES ORIGINAIS  .pdf;31;2351;originais_arabes_p31_img0220_xref2351.jpeg;jpeg;1107;1254;140407
originais_arabes;PERFUMES ORIGINAIS  .pdf;32;2373;originais_arabes_p32_img0221_xref2373.jpeg;jpeg;494;659;15788
originais_arabes;PERFUMES ORIGINAIS  .pdf;32;2379;originais_arabes_p32_img0222_xref2379.jpeg;jpeg;500;667;18533
originais_arabes;PERFUMES ORIGINAIS  .pdf;32;2385;originais_arabes_p32_img0223_xref2385.jpeg;jpeg;615;615;14800
originais_arabes;PERFUMES ORIGINAIS  .pdf;32;2393;originais_arabes_p32_img0224_xref2393.jpeg;jpeg;600;600;20502
originais_arabes;PERFUMES ORIGINAIS  .pdf;32;2399;originais_arabes_p32_img0225_xref2399.jpeg;jpeg;447;447;12790
originais_arabes;PERFUMES ORIGINAIS  .pdf;33;2432;originais_arabes_p33_img0226_xref2432.jpeg;jpeg;500;667;16681
originais_arabes;PERFUMES ORIGINAIS  .pdf;33;2440;originais_arabes_p33_img0227_xref2440.jpeg;jpeg;500;667;16052
originais_arabes;PERFUMES ORIGINAIS  .pdf;33;2446;originais_arabes_p33_img0228_xref2446.jpeg;jpeg;149;500;10765
originais_arabes;PERFUMES ORIGINAIS  .pdf;33;2452;originais_arabes_p33_img0229_xref2452.jpeg;jpeg;600;600;18646
originais_arabes;PERFUMES ORIGINAIS  .pdf;33;2460;originais_arabes_p33_img0230_xref2460.jpeg;jpeg;600;600;18037
originais_arabes;PERFUMES ORIGINAIS  .pdf;33;2466;originais_arabes_p33_img0231_xref2466.jpeg;jpeg;598;598;17639
originais_arabes;PERFUMES ORIGINAIS  .pdf;33;2474;originais_arabes_p33_img0232_xref2474.jpeg;jpeg;640;640;14862
originais_arabes;PERFUMES ORIGINAIS  .pdf;33;2480;originais_arabes_p33_img0233_xref2480.jpeg;jpeg;600;600;19255
originais_arabes;PERFUMES ORIGINAIS  .pdf;33;2486;originais_arabes_p33_img0234_xref2486.jpeg;jpeg;600;600;27063
originais_arabes;PERFUMES ORIGINAIS  .pdf;34;2532;originais_arabes_p34_img0235_xref2532.jpeg;jpeg;513;513;15397
originais_arabes;PERFUMES ORIGINAIS  .pdf;34;2538;originais_arabes_p34_img0236_xref2538.jpeg;jpeg;525;525;19301
originais_arabes;PERFUMES ORIGINAIS  .pdf;35;2552;originais_arabes_p35_img0237_xref2552.jpeg;jpeg;905;1024;67723
originais_arabes;PERFUMES ORIGINAIS  .pdf;36;2571;originais_arabes_p36_img0238_xref2571.jpeg;jpeg;640;640;40593
originais_arabes;PERFUMES ORIGINAIS  .pdf;36;2585;originais_arabes_p36_img0239_xref2585.jpeg;jpeg;447;447;11799
originais_arabes;PERFUMES ORIGINAIS  .pdf;36;2595;originais_arabes_p36_img0240_xref2595.jpeg;jpeg;208;242;5076
originais_arabes;PERFUMES ORIGINAIS  .pdf;36;2609;originais_arabes_p36_img0241_xref2609.jpeg;jpeg;820;820;36376
originais_arabes;PERFUMES ORIGINAIS  .pdf;36;2619;originais_arabes_p36_img0242_xref2619.jpeg;jpeg;420;334;17863
originais_arabes;PERFUMES ORIGINAIS  .pdf;36;2629;originais_arabes_p36_img0243_xref2629.jpeg;jpeg;800;800;41489
originais_arabes;PERFUMES ORIGINAIS  .pdf;37;2640;originais_arabes_p37_img0244_xref2640.jpeg;jpeg;375;375;14415
originais_arabes;PERFUMES ORIGINAIS  .pdf;37;2652;originais_arabes_p37_img0245_xref2652.jpeg;jpeg;768;768;44379
originais_arabes;PERFUMES ORIGINAIS  .pdf;37;2658;originais_arabes_p37_img0246_xref2658.jpeg;jpeg;768;768;50105
originais_arabes;PERFUMES ORIGINAIS  .pdf;37;2664;originais_arabes_p37_img0247_xref2664.jpeg;jpeg;640;640;39744
originais_arabes;PERFUMES ORIGINAIS  .pdf;37;2670;originais_arabes_p37_img0248_xref2670.jpeg;jpeg;768;768;43792
originais_arabes;PERFUMES ORIGINAIS  .pdf;37;2688;originais_arabes_p37_img0249_xref2688.jpeg;jpeg;698;1217;60237
originais_arabes;PERFUMES ORIGINAIS  .pdf;38;2699;originais_arabes_p38_img0250_xref2699.jpeg;jpeg;500;500;27199
originais_arabes;PERFUMES ORIGINAIS  .pdf;38;2711;originais_arabes_p38_img0251_xref2711.jpeg;jpeg;560;560;25819
originais_arabes;PERFUMES ORIGINAIS  .pdf;38;2719;originais_arabes_p38_img0252_xref2719.jpeg;jpeg;598;598;36355
originais_arabes;PERFUMES ORIGINAIS  .pdf;38;2727;originais_arabes_p38_img0253_xref2727.jpeg;jpeg;619;619;40755
originais_arabes;PERFUMES ORIGINAIS  .pdf;38;2735;originais_arabes_p38_img0254_xref2735.jpeg;jpeg;560;560;36264
originais_arabes;PERFUMES ORIGINAIS  .pdf;39;2753;originais_arabes_p39_img0255_xref2753.jpeg;jpeg;1040;1178;61328
originais_arabes;PERFUMES ORIGINAIS  .pdf;40;2778;originais_arabes_p40_img0256_xref2778.jpeg;jpeg;627;627;17500
originais_arabes;PERFUMES ORIGINAIS  .pdf;40;2784;originais_arabes_p40_img0257_xref2784.jpeg;jpeg;627;627;18056
originais_arabes;PERFUMES ORIGINAIS  .pdf;40;2790;originais_arabes_p40_img0258_xref2790.jpeg;jpeg;627;627;17365
originais_arabes;PERFUMES ORIGINAIS  .pdf;40;2796;originais_arabes_p40_img0259_xref2796.jpeg;jpeg;627;627;18126
originais_arabes;PERFUMES ORIGINAIS  .pdf;40;2802;originais_arabes_p40_img0260_xref2802.jpeg;jpeg;627;627;18326
originais_arabes;PERFUMES ORIGINAIS  .pdf;40;2808;originais_arabes_p40_img0261_xref2808.jpeg;jpeg;627;627;17448
originais_arabes;PERFUMES ORIGINAIS  .pdf;42;2853;originais_arabes_p42_img0262_xref2853.jpeg;jpeg;627;627;19231
originais_arabes;PERFUMES ORIGINAIS  .pdf;42;2859;originais_arabes_p42_img0263_xref2859.jpeg;jpeg;627;627;19910
originais_arabes;PERFUMES ORIGINAIS  .pdf;42;2865;originais_arabes_p42_img0264_xref2865.jpeg;jpeg;627;627;19921
originais_arabes;PERFUMES ORIGINAIS  .pdf;42;2883;originais_arabes_p42_img0265_xref2883.jpeg;jpeg;627;627;20021
originais_arabes;PERFUMES ORIGINAIS  .pdf;43;2889;originais_arabes_p43_img0266_xref2889.jpeg;jpeg;619;700;51463
originais_arabes;PERFUMES ORIGINAIS  .pdf;44;2911;originais_arabes_p44_img0267_xref2911.jpeg;jpeg;225;225;4137
originais_arabes;PERFUMES ORIGINAIS  .pdf;44;2917;originais_arabes_p44_img0268_xref2917.jpeg;jpeg;225;225;4478
originais_arabes;PERFUMES ORIGINAIS  .pdf;44;2923;originais_arabes_p44_img0269_xref2923.jpeg;jpeg;225;225;4423
originais_arabes;PERFUMES ORIGINAIS  .pdf;44;2929;originais_arabes_p44_img0270_xref2929.jpeg;jpeg;116;400;5913
originais_arabes;PERFUMES ORIGINAIS  .pdf;44;2935;originais_arabes_p44_img0271_xref2935.jpeg;jpeg;225;225;4195
originais_arabes;PERFUMES ORIGINAIS  .pdf;44;2941;originais_arabes_p44_img0272_xref2941.jpeg;jpeg;225;225;4492
originais_arabes;PERFUMES ORIGINAIS  .pdf;44;2947;originais_arabes_p44_img0273_xref2947.jpeg;jpeg;194;259;3721
originais_arabes;PERFUMES ORIGINAIS  .pdf;44;2953;originais_arabes_p44_img0274_xref2953.jpeg;jpeg;225;225;4789
originais_arabes;PERFUMES ORIGINAIS  .pdf;44;2959;originais_arabes_p44_img0275_xref2959.jpeg;jpeg;225;225;3790
originais_arabes;PERFUMES ORIGINAIS  .pdf;44;2965;originais_arabes_p44_img0276_xref2965.jpeg;jpeg;500;500;13109
originais_arabes;PERFUMES ORIGINAIS  .pdf;44;2971;originais_arabes_p44_img0277_xref2971.jpeg;jpeg;600;600;19617
originais_arabes;PERFUMES ORIGINAIS  .pdf;44;2977;originais_arabes_p44_img0278_xref2977.jpeg;jpeg;560;560;15945
originais_arabes;PERFUMES ORIGINAIS  .pdf;45;3020;originais_arabes_p45_img0279_xref3020.jpeg;jpeg;600;600;16023
originais_arabes;PERFUMES ORIGINAIS  .pdf;45;3026;originais_arabes_p45_img0280_xref3026.jpeg;jpeg;600;600;17721
originais_arabes;PERFUMES ORIGINAIS  .pdf;45;3032;originais_arabes_p45_img0281_xref3032.jpeg;jpeg;447;447;10027
originais_arabes;PERFUMES ORIGINAIS  .pdf;45;3038;originais_arabes_p45_img0282_xref3038.jpeg;jpeg;500;500;11346
originais_arabes;PERFUMES ORIGINAIS  .pdf;46;3054;originais_arabes_p46_img0283_xref3054.jpeg;jpeg;1107;1254;93428
originais_arabes;PERFUMES ORIGINAIS  .pdf;47;3070;originais_arabes_p47_img0284_xref3070.jpeg;jpeg;225;225;6938
originais_arabes;PERFUMES ORIGINAIS  .pdf;47;3084;originais_arabes_p47_img0285_xref3084.jpeg;jpeg;225;225;6789
originais_arabes;PERFUMES ORIGINAIS  .pdf;47;3092;originais_arabes_p47_img0286_xref3092.jpeg;jpeg;208;242;6051
originais_arabes;PERFUMES ORIGINAIS  .pdf;47;3100;originais_arabes_p47_img0287_xref3100.jpeg;jpeg;329;389;13904
originais_arabes;PERFUMES ORIGINAIS  .pdf;47;3118;originais_arabes_p47_img0288_xref3118.jpeg;jpeg;241;275;9110
originais_arabes;PERFUMES ORIGINAIS  .pdf;47;3126;originais_arabes_p47_img0289_xref3126.jpeg;jpeg;208;242;6517
originais_arabes;PERFUMES ORIGINAIS  .pdf;47;3136;originais_arabes_p47_img0290_xref3136.jpeg;jpeg;225;225;9398
originais_arabes;PERFUMES ORIGINAIS  .pdf;47;3148;originais_arabes_p47_img0291_xref3148.jpeg;jpeg;213;236;9971
originais_arabes;PERFUMES ORIGINAIS  .pdf;47;3156;originais_arabes_p47_img0292_xref3156.jpeg;jpeg;201;251;7799
originais_arabes;PERFUMES ORIGINAIS  .pdf;48;3170;originais_arabes_p48_img0293_xref3170.jpeg;jpeg;529;600;32016
originais_arabes;PERFUMES ORIGINAIS  .pdf;49;3185;originais_arabes_p49_img0294_xref3185.jpeg;jpeg;500;500;22353
originais_arabes;PERFUMES ORIGINAIS  .pdf;49;3197;originais_arabes_p49_img0295_xref3197.jpeg;jpeg;208;242;5301
originais_arabes;PERFUMES ORIGINAIS  .pdf;49;3205;originais_arabes_p49_img0296_xref3205.jpeg;jpeg;225;225;6501
